{
    "AFib": {
        "precision": 0.998,
        "recall": 0.998,
        "f1-score": 0.998,
        "support": 500.0
    },
    "Normal": {
        "precision": 1.0,
        "recall": 0.9977064220183486,
        "f1-score": 0.9988518943742825,
        "support": 436.0
    },
    "VFib": {
        "precision": 0.9977426636568849,
        "recall": 1.0,
        "f1-score": 0.9988700564971752,
        "support": 442.0
    },
    "accuracy": 0.9985486211901307,
    "macro avg": {
        "precision": 0.9985808878856283,
        "recall": 0.9985688073394495,
        "f1-score": 0.9985739836238192,
        "support": 1378.0
    },
    "weighted avg": {
        "precision": 0.9985502593151981,
        "recall": 0.9985486211901307,
        "f1-score": 0.9985486146001005,
        "support": 1378.0
    },
    "f1_weighted": 0.9985486146001005
}